Rk,Player,Tm,2017-18,2018-19,2019-20,2020-21,2021-22,2022-23,Signed Using,Guaranteed,Average Salary
1,Stephen Curry\curryst01,GSW,"$34,682,550 ","$37,457,154 ","$40,231,758 ","$43,006,362 ","$45,780,966 ",,Bird Rights,"$201,158,790 ",40231758
2,LeBron James\jamesle01,CLE,"$33,285,709 ","$35,607,968 ",,,,,Early Bird,"$33,285,709 ",34446839
3,Paul Millsap\millspa01,DEN,"$31,269,231 ","$29,730,769 ","$30,500,000 ",,,,Cap space,"$61,000,000 ",30500000
4,Gordon Hayward\haywago01,BOS,"$29,727,900 ","$31,214,295 ","$32,700,690 ","$34,187,085 ",,,Cap space,"$93,642,885 ",31957493
5,Blake Griffin\griffbl01,LAC,"$29,512,900 ","$31,873,932 ","$34,234,964 ","$36,595,996 ","$38,957,028 ",,Bird Rights,"$132,217,792 ",34234964
6,Kyle Lowry\lowryky01,TOR,"$28,703,704 ","$31,000,000 ","$33,296,296 ",,,,Bird Rights,"$93,000,000 ",31000000
7,Russell Westbrook\westbru01,OKC,"$28,530,608 ","$35,350,000 ","$38,178,000 ","$41,006,000 ","$43,848,000 ",,Bird Rights,"$186,912,608 ",37382522
8,Mike Conley\conlemi01,MEM,"$28,530,608 ","$30,521,115 ","$32,511,623 ","$34,504,132 ",,,Cap Space,"$113,989,729 ",31516870
9,James Harden\hardeja01,HOU,"$28,299,399 ","$30,431,854 ","$37,800,000 ","$40,824,000 ","$43,848,000 ",,Bird Rights,"$181,203,253 ",36240651
10,DeMar DeRozan\derozde01,TOR,"$27,739,975 ","$27,739,975 ","$27,739,975 ","$27,739,975 ",,,Cap Space,"$83,219,925 ",27739975
11,Al Horford\horfoal01,BOS,"$27,734,405 ","$28,928,710 ","$30,123,015 ",,,,Cap Space,"$56,663,115 ",28928710
12,Carmelo Anthony\anthoca01,OKC,"$26,243,760 ","$27,928,140 ",,,,,Bird Rights,"$26,243,760 ",27085950
14,Jrue Holiday\holidjr01,NOP,"$25,686,667 ","$26,131,111 ","$26,131,111 ","$26,131,111 ","$27,020,000 ",,Bird Rights,"$104,080,000 ",26220000
15,Chris Bosh\boshch01,MIA,"$25,289,390 ","$26,837,720 ",,,,,,"$52,127,110 ",26063555
16,Kevin Durant\duranke01,GSW,"$25,000,000 ","$26,250,000 ",,,,,Non-Bird Rights,"$25,000,000 ",25625000
17,Otto Porter\porteot01,WAS,"$24,773,250 ","$26,011,913 ","$27,250,576 ","$28,489,239 ",,,Bird Rights,"$78,035,739 ",26631245
18,Chris Paul\paulch01,HOU,"$24,599,495 ",,,,,,Bird Rights,"$24,599,495 ",24599495
20,Bradley Beal\bealbr01,WAS,"$23,775,506 ","$25,434,263 ","$27,093,019 ","$28,751,775 ",,,Cap Space,"$105,054,563 ",26263641
22,Andre Drummond\drumman01,DET,"$23,775,506 ","$25,434,263 ","$27,093,019 ","$28,751,775 ",,,Cap Space,"$76,302,788 ",26263641
23,Hassan Whiteside\whiteha01,MIA,"$23,775,506 ","$25,434,263 ","$27,093,018 ",,,,Cap Space,"$49,209,769 ",25434262
24,Dwight Howard\howardw01,CHO,"$23,500,000 ","$23,819,725 ",,,,,Cap Space,"$47,319,725 ",23659863
25,Chandler Parsons\parsoch01,MEM,"$23,112,004 ","$24,107,258 ","$25,102,511 ",,,,Cap Space,"$72,321,773 ",24107258
26,Harrison Barnes\barneha02,DAL,"$23,112,004 ","$24,107,258 ","$25,102,512 ",,,,Cap Space,"$47,219,262 ",24107258
27,J.J. Redick\redicjj01,PHI,"$23,000,000 ",,,,,,Cap space,"$23,000,000 ",23000000
28,Marc Gasol\gasolma01,MEM,"$22,642,350 ","$24,119,025 ","$25,595,700 ",,,,Bird Rights,"$46,761,375 ",24119025
29,Kevin Love\loveke01,CLE,"$22,642,350 ","$24,119,025 ","$25,595,700 ",,,,Bird Rights,"$46,761,375 ",24119025
30,Brook Lopez\lopezbr01,LAL,"$22,642,350 ",,,,,,Bird Rights,"$22,642,350 ",22642350
31,DeAndre Jordan\jordade01,LAC,"$22,642,350 ","$24,119,025 ",,,,,Bird Rights,"$22,642,350 ",23380688
34,Nicolas Batum\batumni01,CHO,"$22,434,783 ","$24,000,000 ","$25,565,217 ","$27,130,434 ",,,Cap Space,"$72,000,000 ",24782609
36,LaMarcus Aldridge\aldrila01,SAS,"$21,461,010 ","$22,347,015 ",,,,,Cap Space,"$21,461,010 ",21904013
38,Enes Kanter\kanteen01,NYK,"$20,566,802 ","$18,622,514 ",,,,,Bird Rights,"$20,566,802 ",19594658
39,Danilo Gallinari\gallida01,LAC,"$20,559,599 ","$21,587,579 ","$22,615,559 ",,,,Sign and Trade,"$64,762,737 ",21587579
40,Serge Ibaka\ibakase01,TOR,"$20,061,729 ","$21,666,667 ","$23,271,604 ",,,,Cap space,"$65,000,000 ",21666667
41,George Hill\hillge01,SAC,"$20,000,000 ","$19,000,000 ","$18,000,000 ",,,,Cap space,"$40,000,000 ",19000000
42,Ryan Anderson\anderry01,HOU,"$19,578,455 ","$20,421,546 ","$21,264,635 ",,,,Cap Space,"$61,264,636 ",20421545
44,Allen Crabbe\crabbal01,BRK,"$19,332,500 ","$18,500,000 ","$18,500,000 ",,,,Cap Space,"$37,832,500 ",18777500
45,Jimmy Butler\butleji01,MIN,"$19,301,070 ","$20,445,779 ","$19,841,627 ",,,,Bird Rights,"$39,746,849 ",19862825
46,Jeff Teague\teaguje01,MIN,"$19,000,000 ","$19,000,000 ","$19,000,000 ",,,,Cap space,"$38,000,000 ",19000000
47,Kawhi Leonard\leonaka01,SAS,"$18,868,625 ","$20,099,189 ","$21,329,752 ",,,,Bird Rights,"$38,967,814 ",20099189
48,Kyrie Irving\irvinky01,BOS,"$18,868,625 ","$20,099,188 ","$21,329,750 ",,,,Bird Rights,"$38,967,813 ",20099188
49,John Wall\walljo01,WAS,"$18,063,850 ","$19,169,800 ","$37,800,000 ","$40,824,000 ","$43,848,000 ",,Bird Rights,"$159,705,650 ",31941130
51,Greg Monroe\monrogr01,MIL,"$17,884,176 ",,,,,,Cap Space,"$17,884,176 ",17884176
52,Wesley Matthews\matthwe02,DAL,"$17,884,176 ","$18,622,514 ",,,,,Cap Space,"$17,884,176 ",18253345
54,Joakim Noah\noahjo01,NYK,"$17,765,000 ","$18,530,000 ","$19,295,000 ",,,,Cap Space,"$55,590,000 ",18530000
55,Kentavious Caldwell-Pope\caldwke01,LAL,"$17,745,894 ",,,,,,Cap space,"$17,745,894 ",17745894
56,Luol Deng\denglu01,LAL,"$17,190,000 ","$18,000,000 ","$18,810,000 ",,,,Cap Space,"$54,000,000 ",18000000
57,Evan Turner\turneev01,POR,"$17,131,148 ","$17,868,852 ","$18,606,557 ",,,,Cap Space,"$53,606,557 ",17868852
58,Goran Dragic\dragigo01,MIA,"$17,000,450 ","$18,109,175 ","$19,217,900 ",,,,Bird Rights,"$35,109,625 ",18109175
59,Evan Fournier\fournev01,ORL,"$17,000,000 ","$17,000,000 ","$17,000,000 ","$17,000,000 ",,,Cap Space,"$51,000,000 ",17000000
60,Bismack Biyombo\biyombi01,ORL,"$17,000,000 ","$17,000,000 ","$17,000,000 ",,,,Cap Space,"$34,000,000 ",17000000
61,Kent Bazemore\bazemke01,ATL,"$16,910,113 ","$18,089,887 ","$19,269,662 ",,,,Cap Space,"$35,000,000 ",18089887
62,Ian Mahinmi\mahinia01,WAS,"$16,661,641 ","$15,944,154 ","$15,450,051 ",,,,Cap Space,"$48,055,846 ",16018615
63,Tim Hardaway\hardati02,NYK,"$16,500,000 ","$17,325,000 ","$18,150,000 ","$18,975,000 ",,,Cap space,"$51,975,000 ",17737500
64,Draymond Green\greendr01,GSW,"$16,400,000 ","$17,469,565 ","$18,539,130 ",,,,Bird Rights,"$52,408,695 ",17469565
65,Tristan Thompson\thomptr01,CLE,"$16,400,000 ","$17,469,565 ","$18,539,130 ",,,,Bird Rights,"$52,408,695 ",17469565
66,Reggie Jackson\jacksre01,DET,"$16,000,000 ","$17,043,478 ","$18,086,956 ",,,,Bird Rights,"$51,130,434 ",17043478
67,Pau Gasol\gasolpa01,SAS,"$16,000,000 ","$16,000,000 ","$16,000,000 ",,,,,"$38,700,000 ",16000000
68,Tobias Harris\harrito02,DET,"$16,000,000 ","$14,800,000 ",,,,,Bird Rights,"$30,800,000 ",15400000
70,Dwyane Wade\wadedw01,CHI,"$15,500,000 ",,,,,,,"$15,500,000 ",15500000
72,Tony Parker\parketo01,SAS,"$15,453,126 ",,,,,,Bird Rights,"$15,453,126 ",15453126
73,Timofey Mozgov\mozgoti01,BRK,"$15,280,000 ","$16,000,000 ","$16,720,000 ",,,,Cap Space,"$48,000,000 ",16000000
74,Andre Iguodala\iguodan01,GSW,"$14,814,815 ","$16,000,000 ","$17,185,185 ",,,,Bird Rights,"$48,000,000 ",16000000
75,DeMarre Carroll\carrode01,BRK,"$14,800,000 ","$15,400,000 ",,,,,Cap Space,"$30,200,000 ",15100000
76,Thaddeus Young\youngth01,IND,"$14,796,348 ","$13,764,045 ",,,,,Bird Rights,"$14,796,348 ",14280197
77,Eric Bledsoe\bledser01,PHO,"$14,500,000 ","$15,000,000 ",,,,,Bird Rights,"$29,500,000 ",14750000
79,Joe Ingles\inglejo01,UTA,"$14,136,364 ","$13,045,455 ","$11,954,546 ","$10,863,637 ",,,Bird Rights,"$50,000,002 ",12500001
81,Khris Middleton\middlkh01,MIL,"$14,100,000 ","$13,000,000 ","$13,000,000 ",,,,Bird Rights,"$27,100,000 ",13366667
82,Taj Gibson\gibsota01,MIN,"$14,000,000 ","$14,000,000 ",,,,,Cap space,"$28,000,000 ",14000000
83,James Johnson\johnsja01,MIA,"$13,954,000 ","$14,651,700 ","$15,349,400 ",,,,Cap space,"$43,955,100 ",14651700
84,Robin Lopez\lopezro01,CHI,"$13,788,500 ","$14,357,750 ",,,,,Cap Space,"$28,146,250 ",14073125
85,J.R. Smith\smithjr01,CLE,"$13,760,000 ","$14,720,000 ","$15,680,000 ",,,,Bird Rights,"$32,350,000 ",14720000
86,Brandon Knight\knighbr03,PHO,"$13,618,750 ","$14,631,250 ","$15,643,750 ",,,,,"$43,893,750 ",14631250
87,Marvin Williams\willima02,CHO,"$13,168,750 ","$14,087,500 ","$15,006,250 ",,,,Cap Space,"$27,256,250 ",14087500
88,Tyson Chandler\chandty01,PHO,"$13,000,000 ","$13,585,000 ",,,,,Cap Space,"$26,585,000 ",13292500
90,Eric Gordon\gordoer01,HOU,"$12,943,020 ","$13,500,375 ","$14,057,730 ",,,,Cap Space,"$40,501,125 ",13500375
92,Marcin Gortat\gortama01,WAS,"$12,782,609 ","$13,565,218 ",,,,,Bird Rights,"$26,347,827 ",13173914
94,Miles Plumlee\plumlmi01,ATL,"$12,500,000 ","$12,500,000 ","$12,500,000 ",,,,Bird Rights,"$37,500,000 ",12500000
95,Nikola Mirotic\mirotni01,CHI,"$12,500,000 ","$12,500,000 ",,,,,Cap space,"$12,500,000 ",12500000
96,Zach Randolph\randoza01,SAC,"$12,307,692 ","$11,692,308 ",,,,,Cap space,"$24,000,000 ",12000000
97,Nikola Vucevic\vucevni01,ORL,"$12,250,000 ","$12,750,000 ",,,,,Bird Rights,"$25,000,000 ",12500000
98,Solomon Hill\hillso01,NOP,"$12,236,535 ","$12,752,928 ","$13,258,781 ",,,,Cap Space,"$38,248,244 ",12749415
99,Wilson Chandler\chandwi01,DEN,"$12,016,854 ","$12,800,562 ",,,,,,"$12,016,854 ",12408708
102,Jeremy Lin\linje01,BRK,"$12,000,000 ","$12,516,746 ",,,,,Cap Space,"$12,000,000 ",12258373
103,Austin Rivers\riverau01,LAC,"$11,825,000 ","$12,650,000 ",,,,,Cap Space,"$11,825,000 ",12237500
104,Courtney Lee\leeco01,NYK,"$11,747,890 ","$12,253,780 ","$12,759,670 ",,,,Cap Space,"$36,761,340 ",12253780
105,Nikola Pekovic\pekovni01,MIN,"$11,600,000 ",,,,,,,"$11,600,000 ",11600000
106,Jordan Clarkson\clarkjo01,LAL,"$11,562,500 ","$12,500,000 ","$13,437,500 ",,,,Cap Space,"$37,500,000 ",12500000
108,Dion Waiters\waitedi01,MIA,"$11,000,000 ","$11,550,000 ","$12,100,000 ","$12,650,000 ",,,Cap space,"$47,300,000 ",11825000
109,Amir Johnson\johnsam01,PHI,"$11,000,000 ",,,,,,Cap space,"$11,000,000 ",11000000
110,Jamal Crawford\crawfja01,ATL,"$10,942,762 ","$2,304,226 ",,,,,,"$13,246,988 ",6623494
112,Patty Mills\millspa02,SAS,"$10,714,286 ","$11,571,429 ","$12,428,571 ","$13,285,714 ",,,Bird Rights,"$48,000,000 ",12000000
113,Kelly Olynyk\olynyke01,MIA,"$10,607,169 ","$11,137,527 ","$11,667,885 ","$12,198,243 ",,,Cap space,"$33,412,581 ",11402706
114,Omer Asik\asikom01,NOP,"$10,595,505 ","$11,286,516 ","$11,977,527 ",,,,Bird Rights,"$24,882,021 ",11286516
115,Joe Johnson\johnsjo02,UTA,"$10,505,000 ",,,,,,Cap Space,"$10,505,000 ",10505000
117,Mirza Teletovic\teletmi01,MIL,"$10,500,000 ","$10,500,000 ",,,,,Cap Space,"$21,000,000 ",10500000
118,Bojan Bogdanovic\bogdabo02,IND,"$10,500,000 ","$10,500,000 ",,,,,Cap space,"$12,000,000 ",10500000
119,Jon Leuer\leuerjo01,DET,"$10,497,319 ","$10,002,681 ","$9,508,043 ",,,,Cap Space,"$30,008,043 ",10002681
120,Iman Shumpert\shumpim01,CLE,"$10,337,079 ","$11,011,234 ",,,,,Bird Rights,"$10,337,079 ",10674157
121,Maurice Harkless\harklma01,POR,"$10,162,922 ","$10,837,079 ","$11,511,234 ",,,,Cap Space,"$32,511,235 ",10837078
122,Jared Dudley\dudleja01,PHO,"$10,000,000 ","$9,530,000 ",,,,,Cap Space,"$19,530,000 ",9765000
123,Darren Collison\collida01,IND,"$10,000,000 ","$10,000,000 ",,,,,Cap space,"$12,000,000 ",10000000
124,Danny Green\greenda02,SAS,"$10,000,000 ","$10,000,000 ",,,,,Bird Rights,"$10,000,000 ",10000000
125,Meyers Leonard\leoname01,POR,"$9,904,495 ","$10,595,506 ","$11,286,515 ",,,,Cap Space,"$31,786,516 ",10595505
126,Tony Snell\snellto01,MIL,"$9,821,429 ","$10,607,143 ","$11,392,857 ","$12,178,571 ",,,Cap space,"$31,821,429 ",11000000
127,Al Jefferson\jeffeal01,IND,"$9,769,821 ","$10,000,000 ",,,,,Cap Space,"$13,769,821 ",9884911
128,Matthew Dellavedova\dellama01,MIL,"$9,607,500 ","$9,607,500 ","$9,607,500 ",,,,Cap Space,"$28,822,500 ",9607500
129,Bogdan Bogdanovic\bogdabo01,SAC,"$9,470,614 ","$9,000,000 ","$8,529,386 ",,,,Cap space,"$27,000,000 ",9000000
130,Andre Roberson\roberan03,OKC,"$9,259,259 ","$10,000,000 ","$10,740,741 ",,,,Bird Rights,"$30,000,000 ",10000000
131,Trevor Booker\booketr01,BRK,"$9,125,000 ",,,,,,Cap Space,"$9,125,000 ",9125000
132,Dwight Powell\poweldw01,DAL,"$9,003,125 ","$9,631,250 ","$10,259,375 ",,,,Cap Space,"$18,634,375 ",9631250
133,Jerryd Bayless\bayleje01,PHI,"$9,000,000 ","$8,575,916 ",,,,,Cap Space,"$17,575,916 ",8787958
134,Avery Bradley\bradlav01,DET,"$8,808,989 ",,,,,,Bird Rights,"$8,808,989 ",8808989
135,JaMychal Green\greenja01,MEM,"$8,533,333 ","$7,866,667 ",,,,,Bird Rights,"$16,400,000 ",8200000
136,E'Twaun Moore\mooreet01,NOP,"$8,445,024 ","$8,808,685 ","$8,664,928 ",,,,Cap Space,"$25,918,637 ",8639546
137,Rudy Gay\gayru01,SAS,"$8,406,000 ","$8,826,300 ",,,,,MLE,"$8,406,000 ",8616150
138,Kosta Koufos\koufoko01,SAC,"$8,393,000 ","$8,739,500 ",,,,,Cap Space,"$8,393,000 ",8566250
139,Markieff Morris\morrima02,WAS,"$8,000,000 ","$8,600,000 ",,,,,Bird Rights,"$16,600,000 ",8300000
140,Vince Carter\cartevi01,SAC,"$8,000,000 ",,,,,,Cap space,"$8,000,000 ",8000000
141,Garrett Temple\templga01,SAC,"$8,000,000 ","$8,000,000 ",,,,,Cap Space,"$8,000,000 ",8000000
142,C.J. Miles\milescj01,TOR,"$7,936,509 ","$8,333,333 ","$8,730,158 ",,,,MLE,"$16,269,842 ",8333333
143,Cristiano Felicio\feliccr01,CHI,"$7,843,500 ","$8,470,980 ","$8,156,500 ","$7,529,020 ",,,Cap space,"$32,000,000 ",8000000
144,Shaun Livingston\livinsh01,GSW,"$7,692,308 ","$8,307,692 ","$7,692,308 ",,,,Bird Rights,"$18,000,000 ",7897436
145,Cory Joseph\josepco01,IND,"$7,630,000 ","$7,945,000 ",,,,,Cap Space,"$7,630,000 ",7787500
146,P.J. Tucker\tuckepj01,HOU,"$7,590,035 ","$7,969,537 ","$8,349,039 ","$7,969,537 ",,,MLE,"$26,477,799 ",7969537
147,Corey Brewer\breweco01,LAL,"$7,579,366 ",,,,,,Cap Space,"$7,579,366 ",7579366
149,Darrell Arthur\arthuda01,DEN,"$7,464,912 ","$7,464,912 ",,,,,Cap Space,"$7,464,912 ",7464912
150,Trevor Ariza\arizatr01,HOU,"$7,420,912 ",,,,,,Bird Rights,"$7,420,912 ",7420912
151,Channing Frye\fryech01,CLE,"$7,420,912 ",,,,,,Cap Space,"$7,420,912 ",7420912
152,Al-Farouq Aminu\aminual01,POR,"$7,319,035 ","$6,957,105 ",,,,,Cap Space,"$14,276,140 ",7138070
153,Cole Aldrich\aldrico01,MIN,"$7,300,000 ","$6,956,021 ",,,,,Cap Space,"$9,356,021 ",7128011
154,D.J. Augustin\augusdj01,ORL,"$7,250,000 ","$7,250,000 ","$7,250,000 ",,,,Cap Space,"$21,750,000 ",7250000
156,Kyle Korver\korveky01,CLE,"$7,000,000 ","$7,560,000 ","$7,500,000 ",,,,Bird Rights,"$18,000,000 ",7353333
158,Boban Marjanovic\marjabo01,DET,"$7,000,000 ","$7,000,000 ",,,,,Cap Space,"$14,000,000 ",7000000
159,Lou Williams\willilo02,LAC,"$7,000,000 ",,,,,,Cap Space,"$7,000,000 ",7000000
160,Jae Crowder\crowdja01,CLE,"$6,796,117 ","$7,305,825 ","$7,815,533 ",,,,Bird Rights,"$21,917,475 ",7305825
162,Langston Galloway\gallola01,DET,"$6,666,667 ","$7,000,000 ","$7,333,333 ",,,,MLE,"$21,000,000 ",7000000
163,Lance Thomas\thomala01,NYK,"$6,655,325 ","$7,119,650 ","$7,583,975 ",,,,Cap Space,"$13,774,975 ",7119650
164,Marco Belinelli\belinma01,ATL,"$6,606,060 ",,,,,,Cap Space,"$6,606,060 ",6606060
165,Ed Davis\davised01,POR,"$6,352,531 ",,,,,,Cap Space,"$6,352,531 ",6352531
166,Jonathon Simmons\simmojo02,ORL,"$6,300,000 ","$6,000,000 ","$5,700,000 ",,,,Cap space,"$13,300,000 ",6000000
168,Wayne Ellington\ellinwa01,MIA,"$6,270,000 ",,,,,,Cap Space,"$6,270,000 ",6270000
169,Isaiah Thomas\thomais02,CLE,"$6,261,395 ",,,,,,,"$6,261,395 ",6261395
173,Spencer Hawes\hawessp01,MIL,"$6,021,175 ",,,,,,,"$6,021,175 ",6021175
174,Josh McRoberts\mcrobjo01,DAL,"$6,021,175 ",,,,,,MLE,"$6,021,175 ",6021175
175,Ish Smith\smithis01,DET,"$6,000,000 ","$6,000,000 ",,,,,Cap Space,"$12,000,000 ",6000000
176,Alan Williams\willial03,PHO,"$6,000,000 ","$5,520,000 ","$5,520,000 ",,,,Cap space,"$6,000,000 ",5680000
177,Shelvin Mack\macksh01,ORL,"$6,000,000 ","$6,000,000 ",,,,,Cap space,"$6,000,000 ",6000000
178,Milos Teodosic\teodomi01,LAC,"$6,000,000 ","$6,300,000 ",,,,,MLE,"$6,000,000 ",6150000
179,Ersan Ilyasova\ilyaser01,ATL,"$6,000,000 ",,,,,,Cap space,"$6,000,000 ",6000000
180,Dewayne Dedmon\dedmode01,ATL,"$6,000,000 ","$6,300,000 ",,,,,Cap space,"$6,000,000 ",6150000
181,Brandan Wright\wrighbr03,MEM,"$5,955,760 ",,,,,,MLE,"$5,955,760 ",5955760
182,Tyler Johnson\johnsty01,MIA,"$5,881,260 ","$19,245,370 ","$19,245,370 ",,,,Cap Space,"$25,126,630 ",14790667
183,Wesley Johnson\johnswe01,LAC,"$5,881,260 ","$6,134,000 ",,,,,Cap Space,"$5,881,260 ",6007630
184,Alex Abrines\abrinal01,OKC,"$5,725,000 ","$5,455,236 ",,,,,Cap Space,"$11,180,236 ",5590118
188,Patrick Beverley\beverpa01,LAC,"$5,513,514 ","$5,027,028 ",,,,,Bird Rights,"$5,513,514 ",5270271
190,Deron Williams\willide01,BRK,"$5,500,000 ","$5,500,000 ","$5,500,000 ",,,,,"$16,500,000 ",5500000
191,Josh Smith\smithjo03,DET,"$5,400,000 ","$5,400,000 ","$5,400,000 ",,,,,"$16,200,000 ",5400000
192,Thabo Sefolosha\sefolth01,UTA,"$5,250,000 ","$5,250,000 ",,,,,Cap space,"$5,250,000 ",5250000
193,Jason Smith\smithja02,WAS,"$5,225,000 ","$5,450,000 ",,,,,Cap Space,"$5,225,000 ",5337500
194,Ben McLemore\mclembe01,MEM,"$5,200,000 ","$5,460,000 ",,,,,MLE,"$10,660,000 ",5330000
195,Patrick Patterson\pattepa01,OKC,"$5,192,000 ","$5,451,600 ","$5,711,200 ",,,,MLE,"$10,643,600 ",5451600
196,Nick Young\youngni01,GSW,"$5,192,000 ",,,,,,MLE,"$5,192,000 ",5192000
198,Marcus Morris\morrima03,BOS,"$5,000,000 ","$5,375,000 ",,,,,Bird Rights,"$10,375,000 ",5187500
199,Dirk Nowitzki\nowitdi01,DAL,"$5,000,000 ","$5,000,000 ",,,,,Cap space,"$5,000,000 ",5000000
200,Mike Muscala\muscami01,ATL,"$5,000,000 ","$5,000,000 ",,,,,Cap space,"$5,000,000 ",5000000
203,Alexis Ajinca\ajincal01,NOP,"$4,961,798 ","$5,285,394 ",,,,,Early Bird Rights,"$10,247,192 ",5123596
205,Jameer Nelson\nelsoja01,DEN,"$4,736,050 ",,,,,,Cap Space,"$4,736,050 ",4736050
206,Kyle Singler\singlky01,OKC,"$4,666,500 ","$4,996,000 ","$5,333,500 ",,,,Bird Rights,"$9,662,500 ",4998667
207,Justin Holiday\holidju01,CHI,"$4,615,385 ","$4,384,616 ",,,,,MLE,"$9,000,001 ",4500001
212,Devin Harris\harride01,DAL,"$4,402,546 ",,,,,,Cap Space,"$1,339,662 ",4402546
213,Ron Baker\bakerro01,NYK,"$4,328,000 ","$4,544,400 ",,,,,Room Exception,"$4,328,000 ",4436200
214,Jamal Crawford\crawfja01,MIN,"$4,328,000 ","$4,544,400 ",,,,,Room Exception,"$4,328,000 ",4436200
215,Aron Baynes\baynear01,BOS,"$4,328,000 ",,,,,,Room Exception,"$4,328,000 ",4328000
219,Lance Stephenson\stephla01,IND,"$4,180,000 ","$4,360,000 ",,,,,Cap space,"$4,180,000 ",4270000
221,Kyle O'Quinn\oquinky01,NYK,"$4,087,500 ","$4,256,250 ",,,,,Bird Rights,"$4,087,500 ",4171875
224,Jonas Jerebko\jerebjo01,UTA,"$4,000,000 ","$4,200,000 ",,,,,Cap space,"$4,000,000 ",4100000
225,Nemanja Bjelica\bjeline01,MIN,"$3,949,999 ",,,,,,MLE,"$3,949,999 ",3949999
226,J.J. Barea\bareajo01,DAL,"$3,903,900 ","$3,710,850 ",,,,,Cap Space,"$7,614,750 ",3807375
232,Will Barton\bartowi01,DEN,"$3,533,333 ",,,,,,Bird Rights,"$3,533,333 ",3533333
235,Nene Hilario\hilarne01,HOU,"$3,477,600 ","$3,651,480 ","$3,825,360 ",,,,Non-Bird Rights,"$10,954,440 ",3651480
236,Zaza Pachulia\pachuza01,GSW,"$3,477,600 ",,,,,,,"$3,477,600 ",3477600
237,Troy Daniels\danietr01,PHO,"$3,408,520 ","$3,258,540 ",,,,,Cap Space,"$6,667,060 ",3333530
241,Rajon Rondo\rondora01,NOP,"$3,300,000 ",,,,,,MLE,"$3,300,000 ",3300000
243,Jodie Meeks\meeksjo01,WAS,"$3,290,000 ","$3,454,500 ",,,,,Bi-annual Exception,"$3,290,000 ",3372250
244,Tyreke Evans\evansty01,MEM,"$3,290,000 ",,,,,,Bi-annual Exception,"$3,290,000 ",3290000
245,Tarik Black\blackta01,HOU,"$3,290,000 ",,,,,,Bi-annual Exception,"$3,290,000 ",3290000
246,Anthony Tolliver\tollian01,DET,"$3,290,000 ",,,,,,Bi-annual Exception,"$3,290,000 ",3290000
249,Ekpe Udoh\udohek01,UTA,"$3,200,000 ","$3,360,000 ",,,,,Room Exception,"$3,200,000 ",3280000
254,James Ennis\ennisja01,MEM,"$3,028,410 ",,,,,,Room exception,"$3,028,410 ",3028410
255,Seth Curry\curryse01,DAL,"$3,028,410 ",,,,,,Room exception,"$3,028,410 ",3028410
256,Mindaugas Kuzminskas\kuzmimi01,NYK,"$3,025,035 ",,,,,,Room Exception,"$3,025,035 ",3025035
257,Tomas Satoransky\satorto01,WAS,"$3,000,000 ","$3,129,187 ",,,,,Cap Space,"$6,129,187 ",3064594
258,Rajon Rondo\rondora01,CHI,"$3,000,000 ",,,,,,,"$3,000,000 ",3000000
263,Andrew Nicholson\nichoan01,POR,"$2,844,429 ","$2,844,429 ","$2,844,429 ","$2,844,429 ","$2,844,429 ",,,"$19,911,003 ",2844429
267,Michael Carter-Williams\cartemi01,CHO,"$2,700,000 ",,,,,,Bi-annual Exception,"$2,700,000 ",2700000
269,Cedi Osman\osmande01,CLE,"$2,642,857 ","$2,775,000 ","$2,907,143 ",,,,MLE,"$8,325,000 ",2775000
274,Manu Ginobili\ginobma01,SAS,"$2,500,000 ","$2,500,000 ",,,,,,"$5,000,000 ",2500000
275,Reggie Bullock\bullore01,DET,"$2,500,000 ","$2,500,000 ",,,,,Cap space,"$2,500,000 ",2500000
276,Richard Jefferson\jefferi01,CLE,"$2,500,000 ","$2,612,500 ",,,,,Cap Space,"$2,500,000 ",2556250
277,Malcolm Delaney\delanma01,ATL,"$2,500,000 ",,,,,,Room Exception,"$2,500,000 ",2500000
280,Ronnie Price\pricero01,OKC,"$2,442,455 ",,,,,,,"$2,442,455 ",2442455
288,Arron Afflalo\afflaar01,ORL,"$2,328,652 ",,,,,,Minimum Salary,"$2,328,652 ",2328652
289,Raymond Felton\feltora01,OKC,"$2,328,652 ",,,,,,Minimum Salary,"$2,328,652 ",2328652
290,Nick Collison\collini01,OKC,"$2,328,652 ",,,,,,Minimum Salary,"$2,328,652 ",2328652
291,Ramon Sessions\sessira01,NYK,"$2,328,652 ",,,,,,Minimum Salary,"$2,328,652 ",2328652
292,Jason Terry\terryja01,MIL,"$2,328,652 ",,,,,,Minimum Salary,"$2,328,652 ",2328652
293,Udonis Haslem\hasleud01,MIA,"$2,328,652 ",,,,,,Minimum Salary,"$2,328,652 ",2328652
294,David West\westda01,GSW,"$2,328,652 ",,,,,,Minimum Salary,"$2,328,652 ",2328652
295,Jose Calderon\caldejo01,CLE,"$2,328,652 ",,,,,,Minimum Salary,"$2,328,652 ",2328652
296,Dwyane Wade\wadedw01,CLE,"$2,328,652 ",,,,,,Minimum Salary,"$2,328,652 ",2328652
297,Emeka Okafor\okafoem01,PHI,"$2,328,652 ",,,,,,,,2328652
298,Kris Humphries\humphkr01,PHI,"$2,328,652 ",,,,,,,,2328652
299,Jarrett Jack\jackja01,NYK,"$2,328,652 ",,,,,,,,2328652
300,Gerald Green\greenge01,MIL,"$2,328,652 ",,,,,,,,2328652
301,Joel Anthony\anthojo01,MIL,"$2,328,652 ",,,,,,,,2328652
302,Andrew Bogut\bogutan01,LAL,"$2,328,652 ",,,,,,,,2328652
303,Kendrick Perkins\perkike01,CLE,"$2,328,652 ",,,,,,,,2328652
306,Dante Cunningham\cunnida01,NOP,"$2,300,000 ",,,,,,MLE,"$2,300,000 ",2300000
309,Monta Ellis\ellismo01,IND,"$2,245,400 ","$2,245,400 ","$2,245,400 ","$2,245,400 ","$2,245,400 ",,,"$11,227,000 ",2245400
314,Matt Barnes\barnema02,SAC,"$2,133,542 ","$2,133,542 ","$2,133,541 ",,,,,"$6,400,625 ",2133542
315,Marreese Speights\speigma01,ORL,"$2,116,955 ",,,,,,Minimum Salary,"$2,116,955 ",2116955
316,Michael Beasley\beaslmi01,NYK,"$2,116,955 ",,,,,,Minimum Salary,"$2,116,955 ",2116955
317,Luc Mbah a Moute\mbahalu01,HOU,"$2,116,955 ",,,,,,Minimum Salary,"$2,116,955 ",2116955
318,JaVale McGee\mcgeeja01,GSW,"$2,116,955 ",,,,,,,"$2,116,955 ",2116955
319,Jeff Green\greenje02,CLE,"$2,116,955 ",,,,,,Minimum Salary,"$2,116,955 ",2116955
320,Derrick Rose\rosede01,CLE,"$2,116,955 ",,,,,,Minimum Salary,"$2,116,955 ",2116955
321,Damien Wilkins\wilkida02,IND,"$2,116,955 ",,,,,,Minimum Salary,"$25,000 ",2116955
322,Omri Casspi\casspom01,GSW,"$2,106,470 ",,,,,,Minimum Salary,"$2,106,470 ",2106470
323,Mario Chalmers\chalmma01,MEM,"$2,106,407 ",,,,,,Minimum Salary,"$25,000 ",2106407
324,Darius Miller\milleda01,NOP,"$2,100,000 ","$2,205,000 ",,,,,MLE,"$2,100,000 ",2152500
328,Tim Frazier\fraziti01,WAS,"$2,000,000 ",,,,,,Room exception,"$2,000,000 ",2000000
329,Anthony Tolliver\tollian01,SAC,"$2,000,000 ",,,,,,,"$2,000,000 ",2000000
331,Luke Babbitt\babbilu01,ATL,"$1,974,159 ",,,,,,Minimum Salary,"$987,080 ",1974159
333,Anderson Varejao\varejan01,POR,"$1,913,345 ","$1,913,345 ","$1,913,345 ","$1,913,345 ",,,,"$7,653,380 ",1913345
335,Tim Duncan\duncati01,SAS,"$1,881,250 ","$1,881,250 ",,,,,,"$3,762,500 ",1881250
337,Larry Sanders\sandela01,MIL,"$1,865,547 ","$1,865,547 ","$1,865,547 ","$1,865,547 ","$1,865,547 ",,,"$9,327,735 ",1865547
339,Jeremy Evans\evansje01,ATL,"$1,841,849 ",,,,,,Minimum Salary,"$50,000 ",1841849
343,Eric Moreland\moreler01,DET,"$1,739,333 ","$1,826,300 ","$1,913,267 ",,,,MLE,"$750,000 ",1826300
346,Mike Scott\scottmi01,WAS,"$1,709,538 ",,,,,,Minimum Salary,"$1,709,538 ",1709538
347,Tyler Zeller\zellety01,BRK,"$1,709,538 ","$1,933,941 ",,,,,,"$1,709,538 ",1821740
348,Jordan Crawford\crawfjo02,NOP,"$1,709,538 ",,,,,,Minimum Salary,"$250,000 ",1709538
349,Donald Sloan\sloando01,WAS,"$1,709,538 ",,,,,,,,1709538
350,Quincy Acy\acyqu01,BRK,"$1,709,538 ",,,,,,,,1709538
351,John Jenkins\jenkijo01,ATL,"$1,709,538 ",,,,,,,,1709538
353,Mike Dunleavy\dunlemi02,ATL,"$1,662,500 ",,,,,,,"$1,662,500 ",1662500
360,Jeff Withey\witheje01,DAL,"$1,577,320 ","$1,795,015 ",,,,,Minimum Salary,"$350,000 ",1686168
361,Ian Clark\clarkia01,NOP,"$1,577,230 ",,,,,,Minimum Salary,"$1,577,230 ",1577230
362,Shabazz Muhammad\muhamsh01,MIN,"$1,577,230 ","$1,795,015 ",,,,,Minimum Salary,"$1,577,230 ",1686123
363,Willie Reed\reedwi02,LAC,"$1,577,230 ",,,,,,Minimum Salary,"$1,577,230 ",1577230
364,Robert Covington\covinro01,PHI,"$1,577,230 ",,,,,,Cap Space,"$53,547 ",1577230
365,Chris Johnson\johnsch04,HOU,"$1,577,230 ",,,,,,Minimum Salary,"$25,000 ",1577230
366,Marcus Williams\willima03,SAC,"$1,577,230 ",,,,,,,,1577230
367,Archie Goodwin\goodwar01,POR,"$1,577,230 ",,,,,,,,1577230
369,Joffrey Lauvergne\lauvejo01,SAS,"$1,524,305 ","$1,656,092 ",,,,,,"$1,524,305 ",1590199
371,Tyler Ennis\ennisty01,LAL,"$1,524,305 ","$1,656,092 ",,,,,Minimum Salary,"$1,524,305 ",1590199
372,Johnny O'Bryant\obryajo01,CHO,"$1,524,305 ",,,,,,Minimum Salary,"$1,524,305 ",1524305
373,Julyan Stone\stoneju01,CHO,"$1,524,305 ","$1,656,092 ",,,,,Minimum Salary,"$1,524,305 ",1590199
374,Joe Harris\harrijo01,BRK,"$1,524,305 ",,,,,,Minimum Salary,"$1,524,305 ",1524305
375,Sean Kilpatrick\kilpase01,BRK,"$1,524,305 ",,,,,,Minimum Salary,"$1,524,305 ",1524305
376,Shane Larkin\larkish01,BOS,"$1,524,305 ",,,,,,Minimum Salary,"$1,524,305 ",1524305
377,K.J. McDaniels\mcdankj01,TOR,"$1,524,305 ",,,,,,Minimum Salary,"$100,000 ",1524305
378,Spencer Dinwiddie\dinwisp01,BRK,"$1,524,305 ","$1,656,092 ",,,,,Minimum Salary,"$50,000 ",1590199
379,Elijah Millsap\millsel01,PHO,"$1,524,305 ",,,,,,,,1524305
380,Damjan Rudez\rudezda01,ORL,"$1,524,305 ",,,,,,,,1524305
381,Perry Jones\jonespe01,NOP,"$1,524,305 ",,,,,,,,1524305
382,Glenn Robinson\robingl02,IND,"$1,524,305 ",,,,,,,,1524305
383,Jarell Eddie\eddieja01,CHI,"$1,524,305 ",,,,,,,,1524305
386,Arron Afflalo\afflaar01,SAC,"$1,500,000 ",,,,,,,"$1,500,000 ",1500000
387,Josh Richardson\richajo01,MIA,"$1,471,382 ","$9,300,000 ","$10,100,000 ","$10,800,000 ","$11,600,000 ",,Minimum Salary,"$31,671,382 ",8654276
388,Troy Williams\willitr02,HOU,"$1,471,382 ","$1,544,951 ","$1,676,735 ",,,,Non-Bird Rights,"$1,926,316 ",1564356
390,Norman Powell\powelno01,TOR,"$1,471,382 ",,,,,,Cap Space,"$1,471,382 ",1471382
391,Pat Connaughton\connapa01,POR,"$1,471,382 ",,,,,,Minimum Salary,"$1,471,382 ",1471382
392,Josh Huestis\huestjo01,OKC,"$1,471,382 ","$2,243,326 ",,,,,,"$1,471,382 ",1857354
394,Jordan Mickey\mickejo01,MIA,"$1,471,382 ","$1,600,520 ",,,,,Minimum Salary,"$1,471,382 ",1535951
397,Montrezl Harrell\harremo01,LAC,"$1,471,382 ",,,,,,,"$1,471,382 ",1471382
398,Joe Young\youngjo01,IND,"$1,471,382 ","$1,600,520 ",,,,,Cap Space,"$1,471,382 ",1535951
400,Salah Mejri\mejrisa01,DAL,"$1,471,382 ",,,,,,Minimum Salary,"$1,471,382 ",1471382
402,Briante Weber\weberbr01,LAL,"$1,471,382 ",,,,,,Minimum Salary,"$50,000 ",1471382
403,Vander Blue\blueva01,LAL,"$1,471,382 ",,,,,,Minimum Salary,"$50,000 ",1471382
404,Raul Neto\netora01,UTA,"$1,471,382 ",,,,,,,,1471382
405,Richaun Holmes\holmeri01,PHI,"$1,471,382 ","$1,600,520 ",,,,,,,1535951
406,T.J. McConnell\mccontj01,PHI,"$1,471,382 ","$1,600,520 ",,,,,,,1535951
407,Cliff Alexander\alexacl01,NOP,"$1,471,382 ",,,,,,,,1471382
408,Maalik Wayns\waynsma01,DAL,"$1,471,382 ",,,,,,,,1471382
409,Edy Tavares\tavarwa01,CLE,"$1,471,382 ","$1,600,520 ",,,,,,,1535951
412,Willy Hernangomez\hernawi01,NYK,"$1,435,750 ","$1,544,951 ","$1,701,735 ",,,,Cap Space,"$2,980,701 ",1560812
414,Nikola Jokic\jokicni01,DEN,"$1,417,382 ","$1,600,520 ",,,,,,"$1,417,382 ",1508951
419,Kevin Martin\martike02,MIN,"$1,360,305 ","$1,360,305 ",,,,,,"$2,720,610 ",1360305
421,A.J. Hammons\hammoaj01,MIA,"$1,312,611 ","$1,544,951 ",,,,,Cap Space,"$2,857,562 ",1428781
422,Deyonta Davis\davisde01,MEM,"$1,312,611 ","$1,544,951 ",,,,,Cap Space,"$2,857,562 ",1428781
423,Chinanu Onuaku\onuakch01,HOU,"$1,312,611 ","$1,544,951 ",,,,,Minimum Salary,"$2,857,562 ",1428781
424,Wayne Selden\seldewa01,MEM,"$1,312,611 ","$1,544,951 ",,,,,,"$2,085,087 ",1428781
425,Cheick Diallo\diallch01,NOP,"$1,312,611 ","$1,544,951 ",,,,,Minimum Salary,"$1,812,611 ",1428781
426,Joel Bolomboy\bolomjo01,UTA,"$1,312,611 ","$1,544,951 ",,,,,Cap Space,"$1,312,611 ",1428781
429,Davis Bertans\bertada01,SAS,"$1,312,611 ",,,,,,Minimum Salary,"$1,312,611 ",1312611
431,Jake Layman\laymaja01,POR,"$1,312,611 ","$1,544,951 ",,,,,Cap Space,"$1,312,611 ",1428781
432,Tyler Ulis\ulisty01,PHO,"$1,312,611 ","$1,544,951 ","$1,676,735 ",,,,Cap Space,"$1,312,611 ",1511432
433,Malcolm Brogdon\brogdma01,MIL,"$1,312,611 ","$1,544,951 ",,,,,Cap Space,"$1,312,611 ",1428781
434,Andrew Harrison\harrian01,MEM,"$1,312,611 ","$1,544,951 ",,,,,Cap Space,"$1,312,611 ",1428781
435,Ivica Zubac\zubaciv01,LAL,"$1,312,611 ","$1,544,951 ",,,,,Cap Space,"$1,312,611 ",1428781
436,Patrick McCaw\mccawpa01,GSW,"$1,312,611 ",,,,,,Minimum Salary,"$1,312,611 ",1312611
438,Yogi Ferrell\ferreyo01,DAL,"$1,312,611 ",,,,,,Minimum Salary,"$1,312,611 ",1312611
439,Paul Zipser\zipsepa01,CHI,"$1,312,611 ","$1,544,951 ","$1,676,735 ",,,,Cap Space,"$1,312,611 ",1511432
440,Isaiah Whitehead\whiteis01,BRK,"$1,312,611 ","$1,544,951 ","$1,676,735 ",,,,Cap Space,"$1,312,611 ",1511432
441,Diamond Stone\stonedi01,ATL,"$1,312,611 ",,,,,,,"$1,312,611 ",1312611
442,Nicolas Brussino\brussni01,ATL,"$1,312,611 ","$1,544,951 ",,,,,Minimum Salary,"$1,312,611 ",1428781
443,Kay Felder\feldeka01,CLE,"$1,312,611 ","$1,544,951 ",,,,,Minimum Salary,"$456,529 ",1428781
444,Rodney McGruder\mcgruro01,MIA,"$1,312,611 ","$1,544,951 ",,,,,Minimum Salary,"$452,625 ",1428781
445,Okaro White\whiteok01,MIA,"$1,312,611 ",,,,,,Minimum Salary,"$452,624 ",1312611
446,Bryn Forbes\forbebr01,SAS,"$1,312,611 ",,,,,,Minimum Salary,"$100,000 ",1312611
447,Dorian Finney-Smith\finnedo01,DAL,"$1,312,611 ","$1,544,951 ",,,,,Minimum Salary,"$100,000 ",1428781
448,Quinn Cook\cookqu01,ATL,"$1,312,611 ","$1,544,951 ",,,,,Minimum Salary,"$100,000 ",1428781
449,Treveon Graham\grahatr01,CHO,"$1,312,611 ",,,,,,Minimum Salary,"$75,000 ",1312611
450,Daniel Ochefu\ochefda01,WAS,"$1,312,611 ","$1,544,951 ",,,,,,"$50,000 ",1428781
451,Sheldon Mac\mcclesh01,WAS,"$1,312,611 ",,,,,,Minimum Salary,"$50,000 ",1312611
452,Diamond Stone\stonedi01,CHI,"$1,312,611 ","$1,544,951 ",,,,,Minimum Salary,"$50,000 ",1428781
453,Carrick Felix\felixca01,WAS,"$1,312,611 ",,,,,,,,1312611
454,Fred VanVleet\vanvlfr01,TOR,"$1,312,611 ",,,,,,,,1312611
455,Derrick Jones\jonesde02,PHO,"$1,312,611 ","$1,544,951 ",,,,,,,1428781
456,Kalin Lucas\lucaska01,ORL,"$1,312,611 ",,,,,,,,1312611
457,Semaj Christon\chrisse01,OKC,"$1,312,611 ","$1,544,951 ",,,,,,,1428781
458,Chasson Randle\randlch01,NYK,"$1,312,611 ",,,,,,,,1312611
459,Marcus Georges-Hunt\georgma01,MIN,"$1,312,611 ",,,,,,,,1312611
460,Xavier Munford\munfoxa02,MIL,"$1,312,611 ",,,,,,,,1312611
461,Gary Payton\paytoga02,MIL,"$1,312,611 ",,,,,,,,1312611
462,Stephen Zimmerman\zimmest01,LAL,"$1,312,611 ",,,,,,,,1312611
463,Marshall Plumlee\plumlma02,LAC,"$1,312,611 ",,,,,,,,1312611
464,DeQuan Jones\jonesde01,IND,"$1,312,611 ",,,,,,,,1312611
465,Jarrod Uthoff\uthofja01,IND,"$1,312,611 ",,,,,,,,1312611
466,Tim Quarterman\quartti01,HOU,"$1,312,611 ",,,,,,,,1312611
467,Isaiah Taylor\taylois01,HOU,"$1,312,611 ","$1,544,951 ",,,,,,,1428781
468,Michael Gbinije\gbinimi01,GSW,"$1,312,611 ",,,,,,,,1312611
469,Georges Niang\niangge01,GSW,"$1,312,611 ",,,,,,,,1312611
470,David Nwaba\nwabada01,CHI,"$1,312,611 ",,,,,,,,1312611
471,Semi Ojeleye\ojelese01,BOS,"$1,291,892 ","$1,378,242 ","$1,618,520 ","$1,752,950 ",,,,"$2,193,857 ",1510401
472,Frank Mason\masonfr01,SAC,"$1,184,385 ","$1,378,242 ","$1,618,520 ",,,,,"$2,562,627 ",1393716
473,Abdel Nader\naderab01,BOS,"$1,167,333 ","$1,378,242 ","$1,618,520 ","$1,752,950 ",,,,"$1,617,333 ",1479261
474,Damyean Dotson\dotsoda01,NYK,"$1,100,000 ","$1,378,242 ","$1,618,520 ",,,,Minimum Salary,"$2,478,242 ",1365587
475,Paul Pierce\piercpa01,LAC,"$1,096,080 ",,,,,,,"$1,096,080 ",1096080
476,Wesley Iwundu\iwundwe01,ORL,"$1,050,000 ","$1,378,242 ","$1,618,520 ",,,,,"$2,428,242 ",1348921
477,Livio Jean-Charles\jeancli01,SAS,"$1,035,200 ",,,,,,,"$1,035,200 ",1035200
478,Justin Hamilton\hamilju01,TOR,"$1,000,000 ","$1,000,000 ","$1,000,000 ",,,,,"$3,000,000 ",1000000
479,Gerald Henderson\hendege02,PHI,"$1,000,000 ",,,,,,,"$1,000,000 ",1000000
480,Rade Zagorac\zagorra01,MEM,"$950,000 ","$1,378,242 ","$1,618,520 ",,,,MLE,"$2,328,242 ",1315587
481,Ike Anigbogu\anigbik01,IND,"$950,000 ","$1,378,242 ","$1,618,520 ",,,,Cap space,"$1,640,000 ",1315587
482,Jason Thompson\thompja02,GSW,"$945,126 ","$945,126 ",,,,,,"$1,890,252 ",945126
483,Martell Webster\webstma02,WAS,"$830,000 ","$830,000 ",,,,,,"$1,660,000 ",830000
484,Frank Jackson\jacksfr01,NOP,"$815,615 ","$1,378,242 ","$1,618,520 ",,,,MLE,"$2,699,857 ",1270792
485,Jordan Bell\belljo01,GSW,"$815,615 ","$1,378,252 ",,,,,Minimum Salary,"$2,193,867 ",1096934
486,Dakari Johnson\johnsda04,OKC,"$815,615 ","$1,378,242 ",,,,,,"$2,193,857 ",1096929
487,Sterling Brown\brownst02,MIL,"$815,615 ","$1,378,242 ","$1,618,520 ",,,,MLE,"$2,193,857 ",1270792
488,Dillon Brooks\brookdi01,MEM,"$815,615 ","$1,378,242 ","$1,618,520 ",,,,MLE,"$2,193,857 ",1270792
489,Jawun Evans\evansja01,LAC,"$815,615 ","$1,378,242 ","$1,618,520 ",,,,MLE,"$2,193,857 ",1270792
490,Sindarius Thornwell\thornsi01,LAC,"$815,615 ","$1,378,242 ","$1,618,520 ",,,,MLE,"$2,193,857 ",1270792
491,Dwayne Bacon\bacondw01,CHO,"$815,615 ","$1,378,242 ","$1,618,520 ",,,,MLE,"$2,193,857 ",1270792
492,Tyler Dorsey\dorsety01,ATL,"$815,615 ","$1,378,242 ",,,,,Minimum Salary,"$2,193,857 ",1096929
493,Davon Reed\reedda01,PHO,"$815,615 ","$1,378,242 ","$1,618,520 ",,,,Minimum Salary,"$1,504,736 ",1270792
494,Royce O'Neale\onealro01,UTA,"$815,615 ","$1,378,242 ","$1,618,520 ",,,,Cap space,"$815,615 ",1270792
495,Brandon Paul\paulbr01,SAS,"$815,615 ","$1,378,242 ",,,,,Minimum Salary,"$815,615 ",1096929
496,Thomas Bryant\bryanth01,LAL,"$815,615 ","$1,378,242 ",,,,,Minimum Salary,"$815,615 ",1096929
497,Zhou Qi\qizh01,HOU,"$815,615 ","$1,378,242 ","$1,618,520 ","$1,752,950 ",,,MLE,"$815,615 ",1391332
498,Maxi Kleber\klebima01,DAL,"$815,615 ","$1,378,242 ",,,,,Minimum Salary,"$815,615 ",1096929
499,Daniel Theis\theisda01,BOS,"$815,615 ","$1,378,242 ",,,,,Minimum Salary,"$815,615 ",1096929
500,Cameron Oliver\oliveca01,HOU,"$815,615 ","$1,378,242 ",,,,,Minimum Salary,"$300,000 ",1096929
501,Alfonzo McKinnie\mckinal01,TOR,"$815,615 ","$1,378,242 ",,,,,Minimum Salary,"$100,000 ",1096929
502,Nigel Hayes\hayesni01,NYK,"$815,615 ",,,,,,Minimum Salary,"$50,000 ",815615
503,Khem Birch\birchkh01,ORL,"$815,615 ","$1,378,242 ",,,,,Minimum Salary,"$25,000 ",1096929
504,Torian Graham\grahato01,UTA,"$815,615 ",,,,,,,,815615
505,Naz Mitrou-Long\mitrona01,UTA,"$815,615 ",,,,,,,,815615
506,London Perrantes\perralo01,SAS,"$815,615 ",,,,,,,,815615
507,Amida Brimah\brimaam01,SAS,"$815,615 ",,,,,,,,815615
508,Matt Jones\jonesma04,SAC,"$815,615 ",,,,,,,,815615
509,Isaiah Briscoe\briscis01,POR,"$815,615 ",,,,,,,,815615
510,Peter Jok\jokpe01,PHO,"$815,615 ",,,,,,,,815615
511,James Blackmon\blackja02,PHI,"$815,615 ",,,,,,,,815615
512,Jacob Pullen\pulleja01,PHI,"$815,615 ",,,,,,,,815615
513,Rodney Purvis\purviro01,ORL,"$815,615 ",,,,,,,,815615
514,Troy Caupain\caupatr01,ORL,"$815,615 ",,,,,,,,815615
515,Rashawn Thomas\thomara01,OKC,"$815,615 ",,,,,,,,815615
516,Bryce Alford\alforbr01,OKC,"$815,615 ",,,,,,,,815615
517,Xavier Rathan-Mayes\rathaxa01,NYK,"$815,615 ",,,,,,,,815615
518,Melo Trimble\trimbme01,MIN,"$815,615 ",,,,,,,,815615
519,Amile Jefferson\jeffeam01,MIN,"$815,615 ",,,,,,,,815615
520,JeQuan Lewis\lewisje01,MIL,"$815,615 ",,,,,,,,815615
521,Erik McCree\mccreer01,MIA,"$815,615 ",,,,,,,,815615
522,Matt Williams\willima05,MIA,"$815,615 ",,,,,,,,815615
523,Durand Scott\scottdu01,MEM,"$815,615 ",,,,,,,,815615
524,LaDontae Henton\hentola01,LAC,"$815,615 ",,,,,,,,815615
525,Tyrone Wallace\wallaty01,LAC,"$815,615 ",,,,,,,,815615
526,C.J. Williams\willicj01,LAC,"$815,615 ",,,,,,,,815615
527,Ben Moore\moorebe01,IND,"$815,615 ",,,,,,,,815615
528,Trey McKinney-Jones\mckintr01,IND,"$815,615 ",,,,,,,,815615
529,George de Paula\depauge01,HOU,"$815,615 ",,,,,,,,815615
530,Landry Nnoko\nnokola01,DET,"$815,615 ",,,,,,,,815615
531,Gian Clavell\clavegi01,DAL,"$815,615 ",,,,,,,,815615
532,PJ Dozier\doziepj01,DAL,"$815,615 ",,,,,,,,815615
533,Brandon Ashley\ashlebr01,DAL,"$815,615 ",,,,,,,,815615
534,T.J. Williams\willitj01,CHO,"$815,615 ",,,,,,,,815615
535,Luke Petrasek\petralu01,CHO,"$815,615 ",,,,,,,,815615
536,Isaiah Hicks\hicksis01,CHO,"$815,615 ",,,,,,,,815615
537,Terry Henderson\hendete01,CHO,"$815,615 ",,,,,,,,815615
538,Jaylen Johnson\johnsja04,CHI,"$815,615 ",,,,,,,,815615
539,Bronson Koenig\koenibr01,CHI,"$815,615 ",,,,,,,,815615
540,Jeremy Senglin\senglje01,BRK,"$815,615 ",,,,,,,,815615
541,Milton Doyle\doylemi01,BRK,"$815,615 ",,,,,,,,815615
542,Akil Mitchell\mitchak01,BRK,"$815,615 ",,,,,,,,815615
543,Andrew White\whitean01,BOS,"$815,615 ",,,,,,,,815615
544,Jonathan Holmes\holmejo01,BOS,"$815,615 ",,,,,,,,815615
545,L.J. Peak\peaklj01,BOS,"$815,615 ",,,,,,,,815615
546,Daniel Dixon\dixonda01,BOS,"$815,615 ",,,,,,,,815615
547,Carlos Delfino\delfica01,LAC,"$650,000 ","$650,000 ",,,,,,"$1,300,000 ",650000
548,Caron Butler\butleca01,SAC,"$517,220 ","$517,220 ",,,,,,"$1,034,440 ",517220
549,Jordan Farmar\farmajo01,LAC,"$510,921 ",,,,,,,"$510,921 ",510921
550,Leandro Barbosa\barbole01,PHO,"$500,000 ",,,,,,,"$500,000 ",500000
551,Tibor Pleiss\pleisti01,PHI,"$500,000 ",,,,,,,"$500,000 ",500000
552,Michael Gbinije\gbinimi01,DET,"$500,000 ",,,,,,,"$500,000 ",500000
553,Aaron Gray\grayaa01,DET,"$452,059 ",,,,,,,"$452,059 ",452059
554,Festus Ezeli\ezelife01,POR,"$333,334 ","$333,333 ","$333,333 ",,,,,"$1,000,000 ",333333
555,C.J. Watson\watsocj01,ORL,"$333,334 ","$333,333 ","$333,333 ",,,,,"$1,000,000 ",333333
556,Gal Mekel\mekelga01,DAL,"$315,760 ",,,,,,,"$315,760 ",315760
13,Damian Lillard\lillada01,POR,26153057,27977689,29802321,31626953,,,1st Round Pick,115560020,28890005
19,C.J. McCollum\mccolcj01,POR,23962573,25759766,27556959,29354152,,,1st Round Pick,106633450,26658363
32,Steven Adams\adamsst01,OKC,22471910,24157303,25842697,27528090,,,1st Round Pick,100000000,25000000
33,Giannis Antetokounmpo\antetgi01,MIL,22471910,24157303,25842697,27528090,,,1st Round Pick,100000000,25000000
35,Rudy Gobert\goberru01,UTA,21974719,23491573,25008427,26525281,,,1st Round Pick,97000000,24250000
37,Victor Oladipo\oladivi01,IND,21000000,21000000,21000000,21000000,,,1st Round Pick,84000000,21000000
21,Anthony Davis\davisan02,NOP,23775506,25434263,27093019,28751775,,,1st Round Pick,76302788,26263641
80,Gorgui Dieng\dienggo01,MIN,14112360,15170787,16229213,17287640,,,1st Round Pick,62800000,15700000
69,Dennis Schroder\schrode01,ATL,15500000,15500000,15500000,15500000,,,1st Round Pick,62000000,15500000
93,Cody Zeller\zelleco01,CHO,12584270,13528090,14471910,15415730,,,1st Round Pick,56000000,14000000
250,T.J. Warren\warretj01,PHO,3152931,11750000,10810000,11750000,12690000,,1st Round Pick,50152931,10030586
53,Klay Thompson\thompkl01,GSW,17826150,18988725,,,,,1st Round Pick,36814875,18407438
71,Jonas Valanciunas\valanjo01,TOR,15460675,16539326,17617977,,,,1st Round Pick,32000001,16539326
107,John Henson\hensojo01,MIL,11422536,10577466,9732396,,,,1st Round Pick,31732398,10577466
78,Ricky Rubio\rubiori01,UTA,14275000,14975000,,,,,1st Round Pick,29250000,14625000
91,Kenneth Faried\farieke01,DEN,12921348,13764045,,,,,1st Round Pick,26685393,13342697
89,Michael Kidd-Gilchrist\kiddgmi01,CHO,13000000,13000000,13000000,,,,1st Round Pick,26000000,13000000
100,Kemba Walker\walkeke02,CHO,12000000,12000000,,,,,1st Round Pick,24000000,12000000
111,Alec Burks\burksal01,UTA,10845506,11536515,,,,,1st Round Pick,22382021,11191011
43,Paul George\georgpa01,OKC,19508958,20703384,,,,,1st Round Pick,19508958,20106171
50,DeMarcus Cousins\couside01,NOP,18063850,,,,,,1st Round Pick,18063850,18063850
